{
  "id": "journal-categories",
  "title": "Journal Categories",
  "description": "Adds a category-field to journal-pages",
  "authors": [
    {
      "name": "muwak",
      "flags": {}
    }
  ],
  "url": "https://github.com/Muwak77/journal-categories/",
  "version": "0.0.2",
  "compatibility": {
    "minimum": "12",
    "verified": "12"
  },
  "esmodules": [
    "scripts/index.js"
  ],
  "styles": [
    "css/journalcategories.css"
  ],
  "languages": [
    {
      "lang": "en",
      "name": "English",
      "path": "lang/en.json",
      "flags": {}
    }
  ],
  "manifest": "https://github.com/Muwak77/journal-categories/releases/download/current/module.json",
  "download": "https://github.com/Muwak77/journal-categories/releases/download/current/journal-categories.zip"
}
